"","dim","fid","ela_curv.grad_norm.min","ela_curv.grad_norm.lq","ela_curv.grad_norm.mean","ela_curv.grad_norm.med","ela_curv.grad_norm.uq","ela_curv.grad_norm.max","ela_curv.grad_norm.sd","ela_curv.grad_norm.nas","ela_curv.grad_scale.min","ela_curv.grad_scale.lq","ela_curv.grad_scale.mean","ela_curv.grad_scale.med","ela_curv.grad_scale.uq","ela_curv.grad_scale.max","ela_curv.grad_scale.sd","ela_curv.grad_scale.nas","ela_curv.hessian_cond.min","ela_curv.hessian_cond.lq","ela_curv.hessian_cond.mean","ela_curv.hessian_cond.med","ela_curv.hessian_cond.uq","ela_curv.hessian_cond.max","ela_curv.hessian_cond.sd","ela_curv.hessian_cond.nas","ela_curv.costs_fun_evals","ela_curv.costs_runtime","ela_conv.conv_prob","ela_conv.lin_prob","ela_conv.lin_dev.orig","ela_conv.lin_dev.abs","ela_conv.costs_fun_evals","ela_conv.costs_runtime","ela_distr.skewness","ela_distr.kurtosis","ela_distr.number_of_peaks","ela_distr.costs_fun_evals","ela_distr.costs_runtime","ela_level.mmce_lda_10","ela_level.mmce_qda_10","ela_level.mmce_mda_10","ela_level.lda_qda_10","ela_level.lda_mda_10","ela_level.qda_mda_10","ela_level.mmce_lda_25","ela_level.mmce_qda_25","ela_level.mmce_mda_25","ela_level.lda_qda_25","ela_level.lda_mda_25","ela_level.qda_mda_25","ela_level.mmce_lda_50","ela_level.mmce_qda_50","ela_level.mmce_mda_50","ela_level.lda_qda_50","ela_level.lda_mda_50","ela_level.qda_mda_50","ela_level.costs_fun_evals","ela_level.costs_runtime","ela_local.n_loc_opt.abs","ela_local.n_loc_opt.rel","ela_local.best2mean_contr.orig","ela_local.best2mean_contr.ratio","ela_local.basin_sizes.avg_best","ela_local.basin_sizes.avg_non_best","ela_local.basin_sizes.avg_worst","ela_local.fun_evals.min","ela_local.fun_evals.lq","ela_local.fun_evals.mean","ela_local.fun_evals.median","ela_local.fun_evals.uq","ela_local.fun_evals.max","ela_local.fun_evals.sd","ela_local.costs_fun_evals","ela_local.costs_runtime","ela_meta.lin_simple.adj_r2","ela_meta.lin_simple.intercept","ela_meta.lin_simple.coef.min","ela_meta.lin_simple.coef.max","ela_meta.lin_simple.coef.max_by_min","ela_meta.lin_w_interact.adj_r2","ela_meta.quad_simple.adj_r2","ela_meta.quad_simple.cond","ela_meta.quad_w_interact.adj_r2","ela_meta.costs_fun_evals","ela_meta.costs_runtime","basic.dim","basic.observations","basic.lower_min","basic.lower_max","basic.upper_min","basic.upper_max","basic.objective_min","basic.objective_max","basic.blocks_min","basic.blocks_max","basic.cells_total","basic.cells_filled","basic.minimize_fun","basic.costs_fun_evals","basic.costs_runtime","cm_angle.dist_ctr2best.mean","cm_angle.dist_ctr2best.sd","cm_angle.dist_ctr2worst.mean","cm_angle.dist_ctr2worst.sd","cm_angle.angle.mean","cm_angle.angle.sd","cm_angle.y_ratio_best2worst.mean","cm_angle.y_ratio_best2worst.sd","cm_angle.costs_fun_evals","cm_angle.costs_runtime","disp.ratio_mean_02","disp.ratio_mean_05","disp.ratio_mean_10","disp.ratio_mean_25","disp.ratio_median_02","disp.ratio_median_05","disp.ratio_median_10","disp.ratio_median_25","disp.diff_mean_02","disp.diff_mean_05","disp.diff_mean_10","disp.diff_mean_25","disp.diff_median_02","disp.diff_median_05","disp.diff_median_10","disp.diff_median_25","disp.costs_fun_evals","disp.costs_runtime","ic.h.max","ic.eps.s","ic.eps.max","ic.eps.ratio","ic.m0","ic.costs_fun_evals","ic.costs_runtime","nbc.nn_nb.sd_ratio","nbc.nn_nb.mean_ratio","nbc.nn_nb.cor","nbc.dist_ratio.coeff_var","nbc.nb_fitness.cor","nbc.costs_fun_evals","nbc.costs_runtime","pca.expl_var.cov_x","pca.expl_var.cor_x","pca.expl_var.cov_init","pca.expl_var.cor_init","pca.expl_var_PC1.cov_x","pca.expl_var_PC1.cor_x","pca.expl_var_PC1.cov_init","pca.expl_var_PC1.cor_init","pca.costs_fun_evals","pca.costs_runtime"
"1",2,1,0.937940364402206,6.29501017114637,9.5074433671177,9.58236054366227,12.7300505888792,18.6957343102877,4.22563946036968,0,1.02045664078149,1.47808593652116,9.41895713804835,2.30568590059693,4.79671534344562,382.995445678874,41.609752085704,0,1.00000088241769,1.00001078936944,1.00485972190881,1.00003398357399,1.00017843086741,1.34643482930344,0.0354182086241555,0,4200,0.1746,1,0,-5.60074093663784,5.60074093663784,1000,0.0468000000000004,0.736706240380366,-0.193527669145619,1.4,0,0.00299999999999967,0.102,0.064,0.04,1.90555555555556,2.93571428571429,1.63571428571429,0.2,0.116,0.09,1.76153297682709,2.19434343434343,1.26222222222222,0.198,0.124,0.114,1.51428571428571,1.72,1.18,0,1.026,90,0.9,1,NA,0.0115774826059456,0.004,0.0106666666666667,15,20,20.21,21,21,24,2.2874046631359,2111,0.0735999999999999,0.620119481680753,1.64619975055929e-07,9.68667007447964e-10,1.88105118429935e-09,8.14040430962956,0.617015921080145,1,1,1,0,0.00299999999999994,2,100,-5,-5,5,5,10.1366186244989,99.578009959614,1,1,1,1,1,0,0.000199999999999889,3.16196192724299,NA,6.73304299609916,NA,142.247636396247,NA,1,NA,0,0.00219999999999985,0.197974869458782,0.2478059092389,0.331333160403967,0.510935475844808,0.201838485614717,0.237539379181098,0.330037270162365,0.497411330987857,-4.21877498539409,-3.95665608647795,-3.5172899564215,-2.57255427813998,-4.11808451261402,-3.93388708611266,-3.4566476734948,-2.59308746008408,0,0.000600000000000023,0.736448180857193,0.0240663900414938,1.25662726298566e-07,0.0305764411027569,0.381632653061224,0,0.0513999999999998,0.91724187745686,0.916044690811579,0.68451504504536,0.124955738993806,-0.314406411310411,0,0.00419999999999963,1,1,0,0.8,0.521619469829236,0.521615178515494,0.646189415523679,0.595086419426868,0,0.00140000000000011
"2",2,2,34458.9820199924,2819291.46183597,6426634.13552809,6142955.66841396,8967573.93329638,16458170.8284238,4636373.12339253,0,6376.44043930276,547245.88426856,17344537.5023888,1264114.06902136,2794884.39742035,1407693227.14074,141071928.493575,0,218.509222258261,265551.476559839,2.1556452164205e+31,1040939.90620424,4059879.77174042,2.15437803558812e+33,2.1543665320187e+32,0,4200,0.2144,0.9108,0,-2739912.85446952,2797225.71063612,1000,0.0612000000000001,0.881828570468707,-0.449743491705824,3.8,0,0.00279999999999987,0.102,0.066,0.114,1.65904761904762,0.922222222222222,0.625079365079365,0.192,0.062,0.066,3.42271062271062,2.99095238095238,1.00142857142857,0.116,0.03,0.032,1.8,2.13333333333333,0.8,0,1.361,90,0.9,1.01657808646503,0.133550504110954,0.036,0.0108314606741573,0.01,98,180.25,232.8,244,272.5,489,77.3785225266204,23370,1.057,0.684005101398486,0.00267572486873942,0.000119415126510634,0.00170761100931364,24.8706345128101,0.680630402979585,0.996972618229241,260.063692088615,0.997720584519575,0,0.00279999999999987,2,100,-5,-5,5,5,1059.19897698498,56238171.8418386,1,1,1,1,1,0,0,4.19781211709379,NA,6.01833352905522,NA,120.979768112172,NA,1,NA,0,0.00299999999999994,1.19808033713944,0.702540184887924,0.703063196434926,0.707818975365634,1.22146170144762,0.691864564773475,0.624892381487273,0.632497622100872,1.04193290160172,-1.56468417181384,-1.56193305099788,-1.53691692566101,1.14262337438179,-1.58981326551584,-1.93535374297078,-1.89611478817141,0,0.000999999999999979,0.689481070689297,0.636099585062241,0.0957866314129933,0.74937343358396,0.43265306122449,0,0.0676000000000002,0.254548607578496,0.844224421928293,0.137990472350421,0.169369471746326,-0.265720249157843,0,0.00399999999999974,1,1,0,0.733333333333333,0.521619469829236,0.521615178515494,0.999999999999281,0.59997650273199,0,0.00120000000000005
"3",2,3,14.5543402380338,94.5653623726774,317.170912276853,167.391322105668,388.666046692876,1961.96944193871,380.047605277705,0,1.04080843430907,2.18740210834321,24.1055733849531,4.88195610567483,16.4669037072085,941.430578386016,101.539354834439,0,1.12828872726519,6.58273036937814,440.770623672831,20.119178087121,73.8551117559746,35677.8364112986,3591.30049641507,0,4200,0.2346,0.855,0,-114.263871730082,116.546188021115,1000,0.0631999999999996,1.54066868020235,1.8345873678089,7,0,0.0033999999999998,0.104,0.092,0.098,1.1540404040404,1.11515151515152,0.973939393939394,0.254,0.126,0.094,2.03286713286713,3.06739926739927,1.51208791208791,0.192,0.13,0.122,1.37647058823529,1.5872850678733,1.07733031674208,0,1.3296,88.4,0.884,0.589841150707982,0.13324688686523,0.01,0.0113433208489388,0.01,32,58,95,78,115,293,55.7861475077412,9588.4,0.4344,0.501583104206886,2.1090509246392e-07,5.27130030769934e-09,4.11575822962755e-08,15.3834917731474,0.497186814502453,0.928732887476541,215.500723243489,0.985235931812314,0,0.00360000000000031,2,100,-5,-5,5,5,-18.3251647121865,2013.73999756981,1,1,1,1,1,0,0.000399999999999778,3.04961901285005,NA,5.75596578228881,NA,135.340849037956,NA,1,NA,0,0.00239999999999974,0.395325496490005,0.366591294365561,0.449019371534852,0.609636790231834,0.40304054628025,0.33791563378342,0.408767829759492,0.558835646804476,-3.18068047068814,-3.33182677338075,-2.89824246683754,-2.05337025222235,-3.07998999790807,-3.41599955074286,-3.0504402927793,-2.2761709975594,0,0.000799999999999734,0.766840104584481,0.179668049792531,8.25042156768182e-07,0.132330827067669,0.506122448979592,0,0.0724000000000004,0.547436079586849,0.878904043887925,0.350284977166373,0.164323606462151,-0.275027561038025,0,0.00320000000000036,1,1,0,0.8,0.521619469829236,0.521615178515494,0.996525973945333,0.570533402231964,0,0.000600000000000023
"4",2,4,18.2475884527969,92.6646070109649,225.876343178284,153.985242559526,253.531006786607,1370.44019183285,237.52127020291,0,1.0753086497574,1.98198891780864,30.572943422136,3.57413095603444,7.62553811642126,2031.74722519985,208.745986326907,0,1.14352119989569,4.1418118548251,69.6018118194164,10.5251644739308,21.9113618363753,4278.16544969312,447.050532088845,0,4200,0.1712,0.8472,0,-55.5929156436464,58.013033737662,1000,0.0492,1.57532076124042,2.63754216908306,4.6,0,0.00419999999999989,0.104,0.094,0.078,1.13181818181818,1.38015873015873,1.22539682539683,0.286,0.154,0.124,1.85799719887955,2.4175,1.3,0.226,0.148,0.144,1.50963924963925,1.6125,1.06006493506494,0,0.9998,87,0.87,0.579905121435482,0.150911564546799,0.01,0.0115376292744377,0.016,24,57,102.98,78.5,124.5,386,76.1127501219224,10385,0.3614,0.444589311429069,1.85332072561159e-07,9.15511210755126e-09,1.23545150933952e-08,5.23077879675512,0.440740544666839,0.866712986631183,1.95256798290132,0.95417066380551,0,0.00220000000000002,2,100,-5,-5,5,5,-14.608278111008,877.338896239653,1,1,1,1,1,0,0,2.04428040945338,NA,6.68849966098654,NA,99.7791684172983,NA,1,NA,0,0.00239999999999991,0.298333628142797,0.333625603828375,0.40233463311116,0.561787022754593,0.304155814709719,0.319094626888275,0.37967619199475,0.527242847973473,-3.6908725487016,-3.50523135301115,-3.14381133888602,-2.30506735547108,-3.59018207592153,-3.51310583262917,-3.20053751090667,-2.43917286275993,0,0.0006000000000002,0.775484134306903,0.160165975103734,9.50502266748732e-07,0.127318295739348,0.440816326530612,0,0.0544000000000002,0.662813798041414,0.890049350135192,0.484074984874104,0.152273185318878,-0.314443943838619,0,0.00259999999999998,1,1,0,0.866666666666667,0.521619469829236,0.521615178515494,0.995501313924346,0.561335861359267,0,0.000399999999999778
"5",2,5,10.0498756030739,10.0498756206204,10.0498756212217,10.0498756211173,10.0498756215358,10.0498756472779,3.90546255838293e-09,0,9.99999985206469,9.99999999521318,10.0000000008073,9.99999999951094,10.0000000041729,10.0000001726545,3.01162588230581e-08,0,1.00475987022588,4.48025017766332,5.84709461034803e+34,53.7940552528777,92199064653.3593,4.33573527972666e+36,4.75369928760764e+35,0.132,4200,0.175,0,1,-1.13259679412891e-15,1.39484729322348e-14,1000,0.049,-0.0048483011332306,-1.21159553037101,1.8,0,0.00339999999999971,0.066,0.036,0.046,2.06,1.53666666666667,0.853333333333333,0.048,0.016,0.024,Inf,2.2,0.666666666666667,0.018,0.024,0.018,NA,0.9,1.3,0,1.034,1.8,0.018,1,NA,0.6,0,0.6,10,17,19.86,20,25,29,4.90975626280734,1987.8,0.0771999999999995,1,2.20878067022687e-07,5.69899722844284e-10,3.37233809088731e-09,10,1,1,6.77195684152012,1,0,0.0022000000000002,2,100,-5,-5,5,5,326.156689727602,430.4037567178,1,1,1,1,1,0,0,6.11705818700901,NA,5.8546904402426,NA,152.364877085908,NA,1,NA,0,0.00200000000000013,0.733116608052084,0.574325108744511,0.651135804031399,0.698202552012433,0.747423884419015,0.561680823225307,0.587840376873476,0.620821283524933,-1.40384750438831,-2.23911510344714,-1.83507908568747,-1.58750078487757,-1.30315703160824,-2.26149141611741,-2.12652217644117,-1.95635842080339,0,0.00219999999999985,0.803057420595887,0,2.26873871325944e-07,0.0300751879699248,0.416326530612245,0,0.0548000000000004,0.352769863391551,0.863536901257121,0.331878048852082,0.165246547957399,-0.251464182943507,0,0.00340000000000007,1,1,0,0.666666666666667,0.521619469829236,0.521615178515494,0.911138408633494,0.669555442767921,0,0.00100000000000033
"6",2,6,2.9822055061728,7151.21720156961,79652.9503516914,43345.540087526,125600.16817368,395461.458176094,94034.8400582807,0,1.20707233345162,2.24791526072069,5.65334365826169,2.9197146009766,4.76340668149206,110.886057590735,12.558448179464,0,1.76966799557927,36.0087338175576,198399.202965483,124.549755225529,64964.6192740731,7645583.68888211,869133.442289197,0,4200,0.226600000000001,0.907,0,-38840.629737883,40865.4600773211,1000,0.0649999999999997,1.57781618358859,2.00554291334814,9.4,0,0.00280000000000076,0.112,0.072,0.046,1.58333333333333,4.04285714285714,2.3352380952381,0.178,0.08,0.076,2.07142857142857,2.16863636363636,1.08727272727273,0.07,0.06,0.05,1.12888888888889,1.43809523809524,1.25714285714286,0,1.3218,90,0.9,0.99822300744095,0.0210110177502594,0.01,0.011123595505618,0.01,225,454.5,561.92,556,648.5,1034,155.15737948889,56282,2.4562,0.719008483231191,3.06911377157689e-05,1.63083472210995e-05,2.19904888386068e-05,2.39610294242517,0.81215543905531,0.878840739128779,4.65352568036186,0.99334542721898,0,0.00279999999999969,2,100,-5,-5,5,5,-40.4459409044468,1011668.25604341,1,1,1,1,1,0,0,3.40617791059098,NA,6.47137519325824,NA,129.792604060026,NA,1,NA,0,0.00219999999999949,0.28602609965218,0.322761352236195,0.448021296295616,0.615371567745439,0.291608096309919,0.295533457778855,0.396201536081072,0.562633750319358,-3.75561203297835,-3.56237897982079,-2.90349249541207,-2.02320444444414,-3.65492156019829,-3.6346688043584,-3.11527561551209,-2.25657482437885,0,0.000999999999999979,0.635190189146703,0.458921161825726,0.000690428672257334,0.420551378446115,0.391836734693878,0,0.0694000000000003,0.716435035435433,0.898229565934326,0.547872222011397,0.144039825277229,-0.218231961233648,0,0.00399999999999938,1,1,0,0.666666666666667,0.521619469829236,0.521615178515494,0.999999997341102,0.62315906473445,0,0.000999999999999091
"7",2,7,0,0,41.0360715667154,0,0,4103.60715667155,410.360715667154,0,NA,NA,NA,NA,NA,NA,NA,0.998,NA,NA,NA,NA,NA,NA,NA,0.996,3002.4,0.1286,0.8256,2e-04,-131.60265593369,143.277482725173,1000,0.0505999999999999,1.39521773492532,1.40687238828749,6.6,0,0.00379999999999994,0.098,0.072,0.092,1.39603174603175,1.1024531024531,0.783953823953824,0.188,0.082,0.1,2.1974025974026,1.81025641025641,0.826923076923077,0.236,0.088,0.096,2.21284271284271,2.40188311688312,0.898636363636364,0,1.0166,90,0.9,0.107870044649915,0.220889886619099,0.012,0.0111011235955056,0.01,5,5,5.1,5,5,13,0.88141058827258,600,0.0237999999999995,0.468662766216702,2.92413862612697e-07,5.58101140549146e-08,6.89367840985082e-08,3.73205348630186,0.810572606413553,0.645763511627388,5.63247224247678,0.993525225678283,0,0.00220000000000038,2,100,-5,-5,5,5,44.6802909696354,3540.46814400579,1,1,1,1,1,0,0.000199999999999889,3.2198833511801,NA,6.14976173520808,NA,130.535316202455,NA,1,NA,0,0.00219999999999967,0.578022797481093,0.594291647702677,0.619377399155579,0.7013027056637,0.555767646769137,0.588956951710317,0.553457616286836,0.630690987196116,-2.21966469453647,-2.13408805143349,-2.00213315789057,-1.57119350200476,-2.29200022911532,-2.12076125028788,-2.30391874508155,-1.90543605346313,0,0.000599999999999845,0.699772936850461,0.188381742738589,6.85803461459042e-06,0.186466165413534,0.43265306122449,0,0.0560000000000001,0.53673445723648,0.870820451808605,0.386341211739744,0.167676196439992,-0.247325176400811,0,0.0022000000000002,1,1,0,0.8,0.521619469829236,0.521615178515494,0.997661200698565,0.53903649662814,0,0.00100000000000042
"8",2,8,29.8103807989473,1125.5271035204,26105.3167905355,7709.01341306181,37486.1217522392,136955.846576342,35698.7273897147,0,1.02511444481852,2.96670046373233,6.27068389601167,5.75994941474907,9.06158273542227,18.0858404204393,3.85493097616955,0,1.17519042668065,24.9851401496644,285.488257342742,186.989255574249,441.765358301358,2766.274587431,378.614755393548,0,4200,0.1886,0.9448,0,-13040.8734737592,13084.327410192,1000,0.0507999999999996,2.05737900760204,3.5723341434505,10.2,0,0.00280000000000005,0.104,0.102,0.106,1.03030303030303,0.984848484848485,0.97030303030303,0.25,0.23,0.182,1.10030525030525,1.33886363636364,1.2175,0.216,0.16,0.136,1.3280701754386,1.77575757575758,1.37402597402597,0,1.01,90,0.9,1.00000000014393,0.262678379872692,0.01,0.011123595505618,0.01,66,206.75,255.81,270,312,439,77.0415047605403,25671,0.8904,0.503098033002992,6.39830313361554e-06,1.20027493421182e-06,5.41342857913468e-06,6.56003675467972,0.510066731498389,0.877867452672718,27.2141079015811,0.983044574296341,0,0.00419999999999945,2,100,-5,-5,5,5,-150.223248816756,258975.809023656,1,1,1,1,1,0,0,1.9976700619741,NA,6.21094105189169,NA,103.165929182994,NA,1,NA,0,0.00179999999999954,0.727543538883057,0.677299388740702,0.605375340288238,0.675138242091129,0.741742052960418,0.638335469862528,0.603417789427191,0.646994116843477,-1.43316270151473,-1.69745462418792,-2.07578613139988,-1.70882258645966,-1.33247222873466,-1.86599463075842,-2.04615109837252,-1.821320665164,0,0.000400000000000311,0.592866656370603,0.404979253112033,3.46759919466645e-05,0.38796992481203,0.389795918367347,0,0.0475999999999994,0.273859538318679,0.836638376873829,0.238944798816112,0.183129954641751,-0.228624021090017,0,0.00259999999999998,1,1,0,0.866666666666667,0.521619469829236,0.521615178515494,0.999999917587822,0.5710510771567,0,0.000999999999999446
"9",2,9,29.50164125546,1156.88323624362,14489.9096852727,4806.68907331461,19273.3504774278,107100.764480185,21277.759136129,0,1.02942635118098,1.77985339173838,19.7116182325582,2.60018784168288,6.14203679074101,891.379781279231,97.4916615685802,0,1.43583715608476,20.7259493605537,185.448709158154,123.750724304847,273.237786425121,1451.15963369402,229.369375892857,0,4200,0.163,0.9624,0,-8256.45808608256,8280.81060869167,1000,0.0603999999999999,2.84109382168381,9.63462435885786,9.4,0,0.00279999999999969,0.1,0.1,0.106,1,0.955555555555555,0.955555555555555,0.288,0.27,0.146,1.06837606837607,2.0672268907563,1.93159663865546,0.382,0.15,0.08,2.63795454545455,5.08333333333333,1.99166666666667,0,1.01,90,0.9,1.00000000002977,0.0889073154293848,0.01,0.011123595505618,0.01,99,153.5,193.71,182,228,375,60.0892833697733,19461,0.6708,0.102826943860327,2.92265649266355e-06,1.02643263704081e-06,1.01514287877188e-06,2.97007026991025,0.432917390221031,0.531551367754809,4.20921507434786,0.937188164637824,0,0.00200000000000013,2,100,-5,-5,5,5,45.2579156002693,174300.717720804,1,1,1,1,1,0,0.000600000000000378,1.41291495439587,NA,6.35067070537151,NA,113.140886649979,NA,1,NA,0,0.0019999999999996,0.35552717228913,0.432012252293376,0.525030424814582,0.599896039593312,0.362465530326618,0.440584526734368,0.52349412964233,0.586716709619891,-3.39002574953988,-2.98770251802214,-2.49841268846939,-2.10460809199556,-3.28933527675981,-2.88628323347072,-2.4585142349301,-2.13231969565365,0,0.000799999999999912,0.659830901234483,0.399170124481328,3.01454068620188e-05,0.377944862155389,0.426530612244898,0,0.0489999999999997,0.500696057589794,0.874047090204158,0.352019831189736,0.166399536190717,-0.258569126504534,0,0.00240000000000009,1,1,0,1,0.521619469829236,0.521615178515494,0.9999998235428,0.450961386500929,0,0.000599999999999845
"10",2,10,52588.0983061544,2468294.31772289,5774535.95019551,4499063.60658464,8754809.56939666,16886702.9316439,4343611.54795362,0,4.18319641648185,4.18385006646709,4.18391200192562,4.18387932741359,4.18390766638587,4.18745695467771,0.000398744918288409,0,78.1922417218759,59138.9621305234,2979291.71729648,299589.292684035,1475223.9220556,111286912.725018,12311378.2011859,0,4200,0.182,0.916,0,-3017238.57103204,3059378.40258944,1000,0.0494,1.36058400507557,1.12781158870277,6.4,0,0.00280000000000045,0.1,0.068,0.102,1.55238095238095,0.985858585858586,0.666060606060606,0.254,0.078,0.13,3.205,2.18340623428859,0.655323026646556,0.268,0.084,0.074,2.80151515151515,4.64285714285714,1.3552380952381,0,1.0266,90,0.9,1.00773791806973,0.201171339711362,0.016,0.0110561797752809,0.01,72,177,339.29,270.5,393.25,2068,290.275109388785,34019,1.188,0.457013924339972,0.00210123968135392,0.000680423508341722,0.00106885678037755,6.39548515934882,0.7788975402801,0.686028672625668,34.1695015330449,0.99758587858572,0,0.00240000000000009,2,100,-5,-5,5,5,974.536624567769,60421412.0070918,1,1,1,1,1,0,0,3.88789390160939,NA,6.47067524933275,NA,110.045629691144,NA,1,NA,0,0.00239999999999991,1.0168846578147,0.798439206744203,0.776382373244929,0.756505407614309,1.03672986343799,0.780645409261839,0.720436573236534,0.674008138162211,0.0888158853295618,-1.06024063366933,-1.17626295501598,-1.28081883761209,0.189506358109629,-1.13175181540207,-1.44239705535615,-1.68194283146604,0,0.00080000000000009,0.692005930615322,0.639419087136929,0.0412664921524479,0.730325814536341,0.408163265306122,0,0.0486000000000004,0.307918848455041,0.840013324109393,0.202283784502532,0.183952537174505,-0.236266882979196,0,0.00260000000000016,1,1,0,0.8,0.521619469829236,0.521615178515494,0.999999999999206,0.541384779842798,0,0.00080000000000009
"11",2,11,34873.7275815973,2765096.06842177,6294334.38644949,5841478.87799277,8886789.07759949,18001632.2506933,4583282.86714804,0,2.14956704995755,2.1508027495852,2.15081789738937,2.1508073389312,2.15081238438132,2.15283446909909,0.000269248165623324,0,96.1932133181273,66042.7612372097,2274785.26292138,363772.268861626,1441370.30377614,72956639.2754874,8302044.28287732,0,4200,0.1802,0.8908,0,-2681400.0874734,2789089.7466146,1000,0.0508,1.44153881880694,1.74932234820432,6.4,0,0.00339999999999989,0.104,0.05,0.108,2.83333333333333,0.973333333333333,0.453333333333333,0.2,0.074,0.104,2.79238095238095,2.56222222222222,0.922222222222222,0.132,0.076,0.064,1.3974358974359,1.96520146520147,1.24285714285714,0,1.0096,90,0.9,0.961720750676379,0.132867323138276,0.016,0.0110561797752809,0.01,93,209.25,510.02,305.5,541,4617,662.653937768698,51092,1.7468,0.648296728881969,0.00257368372352296,0.00126984325757032,0.00153056005823904,2.11074475310094,0.838595790779689,0.784785569230152,6.20025636172622,0.996139613785596,0,0.00179999999999971,2,100,-5,-5,5,5,595.749868053318,69552522.4117388,1,1,1,1,1,0,0,3.50627122466227,NA,6.40318169165926,NA,141.620056019591,NA,1,NA,0,0.00199999999999996,0.668236576750408,0.761285324784398,0.722998809640258,0.731217832716478,0.681277674547201,0.758501396306033,0.665969790171749,0.651281368429773,-1.74512640287169,-1.25567574144025,-1.4570686731792,-1.4138353533767,-1.64443593009162,-1.24600302290442,-1.72341638759461,-1.79920075078452,0,0.00159999999999965,0.707629500003022,0.643983402489626,0.124222918132266,0.74937343358396,0.408163265306122,0,0.0526,0.318250766421209,0.861027398157606,0.312888654226015,0.166682991256038,-0.215404786072164,0,0.0022000000000002,1,1,0,0.733333333333333,0.521619469829236,0.521615178515494,0.999999999999523,0.594621200315967,0,0.0006000000000002
"12",2,12,109113.071238258,10684118.9270009,2938262819.39943,169761389.783708,2063228857.94067,44553470002.9864,6986600136.23771,0,32.5947834206931,57.4137098423967,632432.008258825,133462.754771308,417749.841634359,12247320.8481941,1808319.5549498,0,12.8332480190434,68076.4445298878,959109.40222657,216823.257459415,785517.507707585,26697044.1156563,2986120.56423637,0,4200,0.195,0.9832,0,-1543776764.43433,1543793067.33725,1000,0.0434000000000005,4.27284416042913,26.1431466301256,7.4,0,0.000799999999999912,0.108,0.056,0.086,2.31904761904762,1.35111111111111,0.658888888888889,0.138,0.088,0.056,2.06915032679739,2.145,1.29,0.168,0.088,0.056,1.51798319327731,3.21809523809524,1.9347619047619,0,0.8922,90,0.9,0.998590226109242,0.0427514566701839,0.0388717948717949,0.0103156281920327,0.01,55,254.5,363.51,353.5,468,707,143.767886686038,36441,1.255,0.266565298815113,0.51516000085024,0.372240798281158,0.492251488032711,4.30534592025929,0.424855827617866,0.556081390812877,16.9774197564616,0.920554171438215,0,0.00219999999999985,2,100,-5,-5,5,5,3743.209463806,50959450840.3878,1,1,1,1,1,0,0.000199999999999889,3.93064872598221,NA,6.61534642155795,NA,102.601042863318,NA,1,NA,0,0.000999999999999091,0.824816849960279,0.513564012893982,0.607311991947044,0.640128688263886,0.84091371981,0.479844943097082,0.55126383025565,0.589690924213711,-0.921490191649464,-2.55872777080379,-2.06559904715218,-1.89297819993341,-0.820799718869396,-2.68372058209233,-2.31523750214536,-2.11697434657925,0,0.000400000000000134,0.60506793191699,0.882572614107884,0.251422922194075,0.853634085213033,0.428571428571429,0,0.0529999999999998,0.375620004726199,0.859355605474888,0.228589292736196,0.169477032195619,-0.2226388471028,0,0.00260000000000105,1,1,0,1,0.521619469829236,0.521615178515494,0.999999999999675,0.51459714717703,0,0.000799999999999557
"13",2,13,173.433634714821,202.627156025166,225.968511723027,223.817065190977,248.873050141419,287.985656208266,29.0913869141055,0,1.65678783223396,1.94472667136611,2.64582333140149,2.24575708331315,2.75534270078681,16.6294758127564,1.82146571357405,0,10.0429341091863,18600.8356401707,662384.904619373,71520.6088968765,290519.92838403,24348917.6637125,2696400.20879417,0,4200,0.1834,1,0,-96.2495523140303,96.2495523140303,1000,0.0491999999999994,0.712494999177451,-0.16800388896546,1,0,0.000600000000000378,0.098,0.072,0.084,1.4047619047619,1.26666666666667,0.915,0.258,0.106,0.08,2.48473193473193,4.3230303030303,1.76236652236652,0.236,0.124,0.112,1.89615384615385,2.24571428571429,1.12809523809524,0,0.8764,90,0.9,0.962783811074097,0.157883189274931,0.04,0.0107865168539326,0.01,153,283.25,379.92,365.5,459,853,138.49471283415,38082,1.2966,0.471932317282326,2.90679223926326e-07,1.72925013249037e-08,3.51275005456801e-08,3.93280205668154,0.701563924039294,0.691230459513231,5.19515078218992,0.978713904645082,0,0.00180000000000007,2,100,-5,-5,5,5,164.047551400094,2017.20814588355,1,1,1,1,1,0,0,3.69265414850833,NA,6.22495396266684,NA,110.617465567363,NA,1,NA,0,0.00100000000000016,0.402613214696151,0.605369048605781,0.592624826714089,0.687337167174711,0.410470489334822,0.566364209631372,0.529669945519167,0.613678739436424,-3.1423459570951,-2.07581922661292,-2.14285578504184,-1.64465437273227,-3.04165548431503,-2.23732765893568,-2.42665034365398,-1.9932101101688,0,0.00179999999999936,0.78237260015234,0.150207468879668,4.90529755300892e-06,0.201002506265664,0.391836734693878,0,0.0464000000000013,0.55060023008101,0.882074306617797,0.365821238428819,0.161611976520961,-0.289652483957239,0,0.00239999999999938,1,1,0,0.866666666666667,0.521619469829236,0.521615178515494,0.999258301539526,0.560458132737366,0,0.000599999999999667
"14",2,14,0.979068081924706,2.77015979063016,33.064169200273,19.418298555449,54.0256272007128,148.071830211953,36.4127585034393,0,1.10084522538742,5.24716468917336,7.52318373964327,6.06914640821644,6.20787566153375,125.706069237703,13.5399667927696,0,1.74178521950005,197.154692420805,2188.29127995888,627.388377257452,2564.92187109208,19232.5095985223,3517.81947880635,0,4200,0.1908,0.9998,2e-04,-17.5102090066585,17.5102090066585,1000,0.0488000000000003,1.93467969094549,3.54640794771083,8,0,0.000799999999999557,0.108,0.08,0.054,1.55,2.85555555555556,2.23333333333333,0.26,0.148,0.094,1.78373015873016,2.84646464646465,1.62272727272727,0.27,0.116,0.07,2.10717948717949,4.30287878787879,1.77651515151515,0,0.8988,90,0.9,1.00000029431439,0.160858273905718,0.01,0.011123595505618,0.01,87,199.5,275.4,246.5,326,694,119.828367864998,27630,0.9564,0.370390787201569,1.61789039908467e-07,3.29872007038737e-09,5.62128448941866e-09,3.23015646443635,0.544042817674314,0.78401779520407,31.7095452328461,0.986032008169522,0,0.00179999999999971,2,100,-5,-5,5,5,-34.0547239145275,322.75122533278,1,1,1,1,1,0,0.000199999999999889,2.17183032742849,NA,6.27169899635814,NA,134.117654070036,NA,1,NA,0,0.00099999999999838,0.17489898047525,0.257465772459008,0.334271297500261,0.570262333200674,0.17831225473813,0.249606447533584,0.32772882685336,0.531179127229954,-4.34015769461638,-3.90584372691033,-3.50183490543433,-2.26048592486273,-4.23946722183631,-3.87162749779701,-3.46855800049971,-2.41886377700312,0,0.000599999999998957,0.662005795377368,0.107053941908714,6.50640064876206e-09,0.0471177944862155,0.418367346938776,0,0.0440000000000001,0.876074121138418,0.914971003005813,0.675694712828807,0.126938841177714,-0.277815743841363,0,0.00299999999999976,1,1,0,0.866666666666667,0.521619469829236,0.521615178515494,0.96382000346504,0.536795956189291,0,0.000600000000000023
"15",2,15,20.2159167899612,90.4265108687015,313.910035642551,173.649163738639,353.255138394694,2024.11371175803,386.182340084397,0,1.01420329861727,1.46593167665061,9.10201903977976,2.24029832917911,3.4564369445367,542.284431713596,54.8570090517325,0,1.07982279995807,5.22109237193841,187.85615340076,13.292379708137,47.0785217261329,9321.37952044983,1081.05443909071,0,4200,0.185,0.85,0,-117.173953482847,119.906512445048,1000,0.0454000000000008,2.59364391353021,7.76923312030005,6.4,0,0.000199999999999534,0.102,0.074,0.088,1.51904761904762,1.17287157287157,0.845598845598846,0.226,0.1,0.096,2.23416666666667,2.24666666666667,1.03428571428571,0.21,0.094,0.066,1.93269230769231,3.11833333333333,1.50833333333333,0,0.9048,80.6,0.806,0.475383900012471,0.110320520322888,0.01,0.0127372709078589,0.01,31,49,91.15,81,114.75,282,51.2691397030034,9195.6,0.3184,0.496927035621548,2.53314763562652e-07,4.79335310097197e-08,4.09269919853197e-08,1.52689184758227,0.694202172299244,0.6974574118993,3.5775537983436,0.9821195347758,0,0.00200000000000031,2,100,-5,-5,5,5,198.554804952559,3604.06868742925,1,1,1,1,1,0,0.000400000000000134,3.12322225740486,NA,6.5996781020058,NA,129.095467897452,NA,1,NA,0,0.000999999999999801,0.19077352355093,0.399088510307512,0.449186536728486,0.595701110776149,0.194496600473425,0.361564772387655,0.41425780337419,0.549112244440193,-4.25665516747356,-3.16088644184982,-2.89736315232422,-2.12667405986294,-4.15596469469349,-3.29398270369184,-3.02211497903029,-2.32633852877281,0,0.000799999999999557,0.738909605603905,0.200829875518672,7.50313539736705e-07,0.135839598997494,0.448979591836735,0,0.0651999999999997,0.604681100473235,0.88109438397049,0.448670954921412,0.157227660820816,-0.206026404659827,0,0.0022000000000002,1,1,0,0.8,0.521619469829236,0.521615178515494,0.999086385840421,0.573680667026483,0,0.00119999999999933
"16",2,16,237.576135395652,4447.72531393859,11885.3892453316,8075.99892217748,14940.7477074703,77468.9605420906,12329.3796186879,0,1.02086375418101,1.68439747392561,16.4776667373539,2.80445670898081,6.1857959370042,672.054317477816,74.1004357307152,0,1.06045740970239,2.9142726326581,44.4763424177765,7.0868332723185,21.156902214973,1282.04756194714,168.476275419649,0,4200,0.1922,0.5526,0,-3.94788690178763,65.8089870762396,1000,0.0464000000000002,1.26822587481183,1.59318484659904,3.2,0,0.000199999999999534,0.1,0.102,0.104,0.981818181818182,0.963636363636364,0.983636363636364,0.264,0.272,0.27,0.982666666666667,0.978062678062678,1.00267806267806,0.48,0.452,0.416,1.05850658738948,1.17123007823819,1.11595479571139,0,0.837,78,0.78,1.02017906642785,0.164358496417906,0.01,0.0132771379466459,0.04,25,134.5,279.4,250,382,946,194.386322911895,28018,0.9888,0.027940973281894,1.50077616794127e-07,3.73217331336633e-10,1.37061143787619e-09,8.41056917960327,0.027470296153164,0.0639098415320732,4.32631920550775,0.107977645586025,0,0.00159999999999911,2,100,-5,-5,5,5,-150.174415217593,245.699380414802,1,1,1,1,1,0,0.000200000000000244,4.56802948626452,NA,4.88864432071171,NA,82.0737799131894,NA,1,NA,0,0.00180000000000149,1.00294926274046,0.859012101630118,0.839079123962865,0.925637141052713,1.02252250951517,0.844597905053664,0.866169503898893,0.936730131955862,0.0155135735789413,-0.741617932202156,-0.846468446687007,-0.391160023823067,0.116204046359009,-0.801791302752996,-0.690493444467663,-0.326438520289172,0,0.000800000000000622,0.850800360599101,0.161825726141079,1.80295751959914e-06,0.165914786967419,0.642857142857143,0,0.0478000000000009,0.186806704760629,0.722355709148804,0.136881513014389,0.269601854871068,-0.509112329467255,0,0.0032,1,1,0,1,0.521619469829236,0.521615178515494,0.976398906995458,0.390280704062225,0,0.000399999999999778
"17",2,17,1.42038068463463,59.3483330945352,905.36605515804,241.78944953178,1024.78937631744,11336.2922979273,1738.1446936831,0,1.03143152233449,3.0809558939422,13.1658436163003,4.75659133427833,8.9302469820166,427.769229881805,46.5699288183016,0,1.53108828381524,109.734101217007,303147.996882715,2149.2864384507,33157.4496043364,8662528.8923026,1142564.54649151,0,4200,0.2386,0.6714,0,-24.8368454413903,46.8137109951477,1000,0.0592000000000006,2.81906925102445,11.1846957464414,6.6,0,0.000799999999999557,0.102,0.07,0.088,1.58222222222222,1.20649350649351,0.78474025974026,0.234,0.172,0.138,1.32755285650022,1.83284715284715,1.43506493506493,0.226,0.222,0.212,0.977883597883598,1.01831202046036,1.03983680428693,0,1.161,84.4,0.844,0.610473844079294,0.148248158679745,0.01,0.0120093132456349,0.014,10,31,51.52,45.5,64.25,185,31.5348163690549,5236.4,0.2234,0.370825426010271,1.7883921408188e-07,6.31701985977191e-09,1.01046415839457e-08,2.33237754545749,0.460520455588363,0.520485078397245,3.83977134201061,0.685453964112624,0,0.00239999999999938,2,100,-5,-5,5,5,33.759278664264,880.044937947415,1,1,1,1,1,0,0.000400000000000134,3.64198237657217,NA,6.46761079567375,NA,129.166210983398,NA,1,NA,0,0.00139999999999922,0.250678705378323,0.361826098733507,0.471830095469481,0.686095732812285,0.255570873251428,0.314827454489281,0.435902107080336,0.637695361458067,-3.94154473892833,-3.35689243200849,-2.77825456637213,-1.6511845075557,-3.84085426614826,-3.53512214919196,-2.91044200273145,-1.86929724615555,0,0.00120000000000005,0.815211357763259,0.16597510373444,2.80852945828693e-07,0.106265664160401,0.612244897959184,0,0.0603999999999999,0.369757910172156,0.807763741796464,0.276915558134347,0.225730650162057,-0.300203425267897,0,0.00399999999999992,1,1,0,0.866666666666667,0.521619469829236,0.521615178515494,0.942387508206028,0.535698609152424,0,0.00319999999999965
"18",2,18,38.5622725729847,1198.18441530781,15894.7372013845,3856.89860851864,18258.042427876,133362.520303344,25581.2551912895,0,1.38000361558601,3.63249789816228,10.9466876280267,5.64571169171187,9.55022372903833,346.488291455155,34.8893886738706,0,6.95607251359886,5696.7055586176,1377173.04860484,32977.011131465,185604.979176028,113105948.364933,11376180.1337177,0,4200,0.182399999999999,0.661,0,-185.990279721127,437.939949537035,1000,0.0505999999999993,2.41507373432747,8.03515310913679,5.2,0,0.000599999999998957,0.096,0.074,0.096,1.50888888888889,1.06181818181818,0.777575757575758,0.232,0.13,0.122,1.74795390883626,1.99926470588235,1.11220588235294,0.242,0.192,0.184,1.21258204334365,1.25340305010893,1.03834422657952,0,0.872600000000001,82.8,0.828,-0.15623036334931,0.160489989945696,0.01,0.012477253278603,0.016,14,35.5,66.07,51,85.5,291,47.0988134734774,6689.8,0.2348,0.414811264695227,3.0069970892177e-07,5.05256097614957e-08,8.91819453991083e-08,6.76007559301247,0.491616738857471,0.562991551995887,26.9644070511105,0.690805386540631,0,0.00159999999999947,2,100,-5,-5,5,5,35.3967825688861,5972.90806922904,1,1,1,1,1,0,0,3.47062152569199,NA,5.74390199427724,NA,127.820316596966,NA,1,NA,0,0.00100000000000016,0.623965241948601,0.542398419323772,0.683661032440712,0.719498926346199,0.63614235410493,0.49827592271355,0.610336213448206,0.661265024577411,-1.97800040235077,-2.4070543781227,-1.66399140428921,-1.47547859517604,-1.8773099295707,-2.58862663137819,-2.01045574812178,-1.74769044989946,0,0.000400000000000489,0.791972997477031,0.261410788381743,3.65584688159712e-06,0.22406015037594,0.56530612244898,0,0.0748000000000005,0.280410084461137,0.786872498439381,0.164621489449356,0.234150697068036,-0.316360903319708,0,0.00319999999999965,1,1,0,0.866666666666667,0.521619469829236,0.521615178515494,0.999261795270541,0.538354550522513,0,0.00100000000000016
"19",2,19,72.1623486109999,5686.8168473481,62845.7758922076,24242.34774042,89690.362693401,337801.153426309,81012.582386751,0,1.01362431087471,1.87885669275993,15.5798528183876,2.74305127006924,6.38893747894974,892.647259275517,89.830614211667,0,6.60581079666198,515.854550186446,455929.57712216,9047.48158799193,162452.882534313,15866223.9600209,1874088.49578472,0,4200,0.1814,0.7424,0,-17.819942814219,21.3169954166006,1000,0.046599999999999,2.83916171925738,9.38865179462672,6.4,0,0.000800000000000622,0.1,0.1,0.118,1,0.850815850815851,0.850815850815851,0.272,0.272,0.254,1.00564741133707,1.08822463768116,1.08650362318841,0.398,0.194,0.15,2.06702380952381,2.69082722832723,1.30860805860806,0,0.8438,89.8,0.898,1.03914619628117,0.0922093598925593,0.026,0.0109691011235955,0.01,33,129,208.17,179,265,658,120.610036281514,20906.8,0.683200000000001,0.147090922345074,1.50139862290485e-07,2.93359068006042e-09,2.54637861338692e-09,1.98972974223925,0.400324509184762,0.571089256954295,11.5665222254334,0.92292153700688,0,0.00180000000000007,2,100,-5,-5,5,5,-97.1328443587328,291.247376076014,1,1,1,1,1,0,0.000200000000000244,2.29401867289694,NA,6.25803967757146,NA,122.284422131949,NA,1,NA,0,0.000999999999999801,0.49658516955111,0.6204000430161,0.610212914989393,0.70499331117327,0.506276371717931,0.702411596967452,0.623776940195457,0.678831853110123,-2.64803908643239,-1.99675389460636,-2.05033974778664,-1.55178035195268,-2.54734861365232,-1.53539624696852,-1.94110882064087,-1.65705505441561,0,0.000799999999999557,0.817442862220118,0.124066390041494,2.6041523114319e-07,0.0791979949874686,0.526530612244898,0,0.0432000000000002,0.308522097476393,0.813276456533608,0.200260837849473,0.220029473270849,-0.246610308953833,0,0.00300000000000011,1,1,0,1,0.521619469829236,0.521615178515494,0.967645422324057,0.471507965183579,0,0.000600000000000733
"20",2,20,10.7575660909264,3874.71947314719,18191.2484647943,14439.6578394326,28926.1805153862,58902.9522183239,16084.255611929,0,1.18748005968276,3.69447530465325,16.1061186635365,3.99729204324686,4.12958962758687,620.953898343309,68.5077697747558,0,1.24995727260932,11.3135340607041,200.204071108268,12.937656115452,213.274139679615,4092.19872319357,475.259918459225,0,4200,0.210799999999999,0.9952,0,-9478.78581024615,9478.79305274749,1000,0.0565999999999995,1.53187453081732,1.56453101276313,8,0,0.000799999999998846,0.1,0.092,0.094,1.1,1.0968253968254,1.01238095238095,0.38,0.136,0.15,2.83451215451215,2.69309631544926,0.963710407239819,0.124,0.122,0.12,1.01794871794872,1.0330303030303,1.02121212121212,0,0.9536,90,0.9,1.11050625889335,0.377991220585427,0.01,0.011123595505618,0.01,39,63,79.1,73,91.5,180,24.4569682876238,8000,0.2926,0.638168379043612,5.91866075759013e-06,2.15940198230974e-06,4.23995489441594e-06,3.41221879111721,0.717466131544075,0.905780701759597,14.0901107984562,0.999057088096925,0,0.00319999999999965,2,100,-5,-5,5,5,104.070700481349,203393.798721516,1,1,1,1,1,0,0,2.65911443527316,NA,6.48662176550776,NA,166.242993779479,NA,1,NA,0,0.00119999999999933,0.406674815573579,0.4144542089231,0.441590854488279,0.654617526367255,0.414611355155381,0.423067610768713,0.387962332429908,0.610756168030434,-3.12098131460468,-3.08006051447669,-2.93731760388905,-1.81676469311142,-3.02029084182461,-2.97666110692968,-3.15778547891769,-2.00828900814509,0,0.000599999999999312,0.668724942729453,0.384232365145228,0.000161412565695733,0.426065162907268,0.412244897959184,0,0.089,0.654063933689136,0.899823770428142,0.477478044482473,0.144330337569761,-0.218235701127145,0,0.00359999999999943,1,1,0,0.666666666666667,0.521619469829236,0.521615178515494,0.9999999512977,0.598848734677439,0,0.00119999999999933
"21",2,21,0.595719524156604,12.3015248498059,32.5554192614968,23.1453359249441,42.9677255530825,159.286653020254,30.3460896943312,0,1.02913791193156,1.76624101330787,8.62692153640427,2.80769833852441,5.54790316862333,190.771545220033,23.2750023611192,0,1.15740131855688,5.82089448305326,189.019431023325,24.348105362815,108.988876132095,5282.04273852663,639.40455257557,0,4200,0.1826,0.5812,0,-1.63769012700588,7.62493291725748,1000,0.0441999999999993,1.7431655751367,3.65679980633742,3.8,0,0.000399999999999778,0.1,0.1,0.102,1,0.981818181818182,0.981818181818182,0.258,0.276,0.308,0.946323217012872,0.848127798127798,0.89962962962963,0.476,0.41,0.39,1.1698717948718,1.25933979105958,1.06588633332442,0,0.8264,90,0.9,0.648786338012769,0.164793444411713,0.01,0.011123595505618,0.01,37,56,71.47,67,83,150,22.3208005441411,7237,0.2364,0.066244243027618,1.65881873446173e-07,3.66692061772617e-10,2.81507484826895e-10,1.39479505914723,0.0812860479619458,0.195165691523688,1.66613371749144,0.31000474034046,0,0.00120000000000005,2,100,-5,-5,5,5,30.8125560974557,95.0378075577961,1,1,1,1,1,0,0.000399999999999778,3.62261780420597,NA,5.71041868956276,NA,91.8363034159199,NA,1,NA,0,0.000999999999999801,0.63095115791183,0.883197766819723,0.916773699645591,0.961591103680899,0.643264605037609,0.946743913299921,0.953686476554392,0.96908852070975,-1.94125341476467,-0.614397630217143,-0.437783082713553,-0.202036675457129,-1.84056294198461,-0.274772789578726,-0.238952893854865,-0.159486622485435,0,0.000799999999998136,0.850789396516729,0.0692946058091287,1.25650922677489e-07,0.0521303258145363,0.630612244897959,0,0.0442,0.191456986843938,0.732709007644426,0.204017131203499,0.263885119411084,-0.456559215964923,0,0.0029999999999994,1,1,0.4,1,0.521619469829236,0.521615178515494,0.0904061735183684,0.418896571743344,0,0.00100000000000051
"22",2,22,1.80297709801364,18.583428038873,49.2372040283701,33.9607107898228,60.5884497207172,276.179738433503,49.5082839404554,0,1.02977559104276,1.81741588305592,4.72547728180089,2.36527776392552,3.15815918715885,115.528879786982,12.6491776184222,0,1.04833675427145,4.77087935264064,383.958302190021,22.2935469134049,142.842188151402,13116.7875213347,1575.49526513359,0,4200,0.176000000000001,0.5928,0,-4.29441936011847,16.5074344235939,1000,0.0385999999999996,0.0998430954411955,-1.28903478985224,2,0,0.00139999999999958,0.1,0.1,0.104,1,0.963636363636364,0.963636363636364,0.252,0.254,0.288,0.996244496244496,0.906998883469472,0.905976376564612,0.482,0.38,0.36,1.27244105048983,1.36945540910136,1.06690869581507,0,0.7946,90,0.9,1.00213517331239,0.14956361960187,0.01,0.011123595505618,0.01,33,56,77.57,67.5,90.25,210,35.4159062208884,7847,0.251400000000001,0.0340720066277375,1.74635937904157e-07,2.26363192288743e-10,5.64378814045148e-10,5.89854259428201,0.0719579409300498,0.0965243967976815,2.84023390519021,0.265714725098138,0,0.00180000000000007,2,100,-5,-5,5,5,60.7018512612258,141.780955494182,1,1,1,1,1,0,0,3.69871122619818,NA,5.35373307444799,NA,84.127834102002,NA,1,NA,0,0.00100000000000122,0.495789636110801,0.80486345143618,0.833013607546904,0.897237061460729,0.505465312893714,0.792947832729004,0.85013706116196,0.911239269955784,-2.65222371413321,-1.02644812296798,-0.878373991731318,-0.540548790837155,-2.55153324135315,-1.06827792116555,-0.773212233765821,-0.457957670390703,0,0.000200000000000244,0.861922598994136,0.0941908713692947,4.30777986716553e-07,0.0967418546365914,0.620408163265306,0,0.0444000000000003,0.223693270937835,0.767315633313598,0.176112563281802,0.244447893046888,-0.548514097923849,0,0.00300000000000011,1,1,0,1,0.521619469829236,0.521615178515494,0.73102570322806,0.40976151562619,0,0.000999999999999801
"23",2,23,314.038076017095,2197.90482891698,5043.99583827225,3901.36349988952,6976.7151999002,16926.7460053638,3756.3081461989,0,1.02936067048357,1.53393850402664,3.71610731364632,2.16616818722795,3.43908970818212,58.7422936797036,6.75197368092049,0,1.03695241368174,2.56078001063674,29.2891499649697,5.78756225129019,14.918265483175,1014.36341337562,112.19411817429,0,4200,0.162799999999999,0.5014,0,-0.186512821098848,21.2578037215305,1000,0.0397999999999996,-0.013897839010496,-1.02433199305623,1.6,0,0.000200000000000244,0.1,0.104,0.1,0.966666666666667,1,1.04,0.26,0.26,0.276,1,0.947146401985112,0.949627791563275,0.522,0.528,0.52,0.989621915751947,1.00610794085076,1.01908533646017,0,0.753200000000001,83.4,0.834,0.770565064207498,0.126231927743726,0.01,0.012332415088156,0.052,29,143.5,252.22,238,324.25,974,157.774847775867,25305.4,0.737,0.00102432694036738,1.5233073590017e-07,9.25164396702502e-11,3.64555900507166e-10,20.9328662290285,-0.00638414213223231,-0.00216317939134487,195.54616105157,-0.0483728140582661,0,0.00180000000000007,2,100,-5,-5,5,5,-73.6611582677302,-1.83244038567233,1,1,1,1,1,0,0.000399999999999778,3.93219926563188,NA,2.94892413418072,NA,54.5079437076062,NA,1,NA,0,0.00100000000000051,0.778057837758838,1.03025265855403,1.01352070290466,1.0109565105647,0.793242173227449,1.07336794273194,1.04484555044917,1.01767376545482,-1.16744975514102,0.159133616004365,0.071120967444795,0.0576329231309199,-1.06675928236095,0.378539159357324,0.23137894202605,0.0911871325381268,0,0.000600000000000023,0.893435464184239,0.104564315352697,5.61584923178374e-07,0.11077694235589,0.675510204081633,0,0.0403999999999996,0.172074127512234,0.705858291312144,0.097708397139738,0.282977099500138,-0.661978455974135,0,0.00360000000000014,1,1,0,1,0.521619469829236,0.521615178515494,0.608070171196586,0.389717733771996,0,0.000999999999999801
"24",2,24,74.2583863132219,461.135107472283,802.810434698121,824.544952627843,1143.66610603201,1529.51637965257,416.162094500803,0,1.02850940720218,1.75118150619216,7.2583871497516,2.32564107091233,3.02783550699908,415.740083826845,42.9046984435973,0,1.68646362183649,49.7345259949852,330.718162542864,87.4074832179816,172.157406788236,13514.1779051278,1536.72651304097,0,4200,0.1586,0.6222,0,-5.06122827333427,12.1367072159405,1000,0.0399999999999999,0.686775975856896,0.269540706716447,1.2,0,0.000199999999999534,0.106,0.104,0.108,1.02737373737374,0.992696192696193,0.982331002331002,0.25,0.226,0.272,1.1090906195254,0.919761974934389,0.831569197086439,0.34,0.256,0.232,1.33571810797898,1.51408754208754,1.14027104377104,0,0.757199999999999,90,0.9,0.862637260463384,0.236217561137056,0.012,0.0111011235955056,0.014,37,77,105.89,95,127.5,277,41.1446098959613,10679,0.3184,0.387970198675764,1.73935156652441e-07,1.46274877552357e-09,1.0119725192208e-09,1.20819873837702,0.396074563757102,0.625431944557634,1.45703727128488,0.680054774250456,0,0.00160000000000053,2,100,-5,-5,5,5,61.4410285086307,148.583725339643,1,1,1,1,1,0,0,3.74959492459733,NA,6.16244690725757,NA,163.283403256695,NA,1,NA,0,0.00100000000000122,0.513047987307985,0.72612911690341,0.75187513474267,0.757665456299616,0.523060472720662,0.623922713451514,0.773399338319259,0.757866287617506,-2.56144214439525,-1.44060277769102,-1.30517478186191,-1.27471680391133,-2.46075167161518,-1.94035670897262,-1.16913764770309,-1.24927984245399,0,0.00100000000000051,0.861387431147228,0.0697095435684648,3.62492421493807e-07,0.0741854636591478,0.624489795918367,0,0.0405999999999999,0.250108016004501,0.763255146150438,0.119188372237753,0.256926092460245,-0.455547188543877,0,0.00300000000000011,1,1,0,1,0.521619469829236,0.521615178515494,0.624344477859786,0.539238100216162,0,0.000999999999999801
